12,73,-1,-1,-1,    //マップ番号 0～16,　アイテム報酬型ステージ設定(-1:OFF),　スコア報酬型ステージ設定(-1:OFF)
4,					//マップパターン 0～
200,36000,30,99,33,25,3,1,0,10,6,150000,-1,		//1ステージ
300,65000,34,100,34,50,3,1,0,10,6,300000,-1,		//2ステージ


//ＦＴ金曜日ゲリラ（ギルガメッシュ）
//消費統率力			0
//クリア時の獲得XP		1
//サウンド（スタート時）	2
//サウンド ボス出現時の城体力％	3
//サウンド（ボス）		4
//アイテム入手確率		0～100%
//アイテム番号	0:スピードアップ	1:トレジャーレーダー	2:ネコボン	3:ニャンピュータ	4：おかめはちもく	5:スニャイパー
//貰える数		0
