0,-1,-1,-1,-1,    //マップ番号 0～16,　アイテム報酬型ステージ設定(-1:OFF),　スコア報酬型ステージ設定(-1:OFF)
2,					//マップパターン 0～
15,750,3,99,33,1,1002,1,-1,		//1ステージ
50,1500,3,99,30,5,1002,1,-1,		//2ステージ
80,2400,33,0,33,100,1002,1,-1,		//3ステージ


//月曜ステージ
//消費統率力			0
//クリア時の獲得XP		1
//サウンド（スタート時）	2
//サウンド ボス出現時の城体力％	3
//サウンド（ボス）		4
//アイテム入手確率		0～100%
//アイテム番号	0:スピードアップ	1:トレジャーレーダー	2:ネコボン	3:ニャンピュータ	4：おかめはちもく	5:スニャイパー	6:XP	11:にゃんこチケット	12：レアチケット 1002：ねこひめ
//貰える数		0