14,-1,-1,-1,-1,    //マップ番号 0～16,　アイテム報酬型ステージ設定(-1:OFF),　スコア報酬型ステージ設定(-1:OFF)
1,					//マップパターン 0～
30,900,3,90,31,1,1112,1,-1,		//1ステージ
60,1800,3,99,33,2,1112,1,-1,		//2ステージ
75,2250,30,99,33,3,1112,1,-1,		//3ステージ
85,2550,31,99,33,4,1112,1,-1,		//4ステージ
90,2700,33,0,33,5,1112,1,-1,		//5ステージ
105,3150,30,80,33,6,1112,1,-1,		//6ステージ
115,3450,30,0,30,7,1112,1,-1,		//7ステージ
125,3750,33,0,33,10,1112,1,-1,		//8ステージ

//消費統率力			0
//クリア時の獲得XP		1
//サウンド（スタート時）	2
//サウンド ボス出現時の城体力％	3
//サウンド（ボス）		4
//アイテム入手確率		0～100%
//アイテム番号	0:スピードアップ	1:トレジャーレーダー	2:ネコボン	3:ニャンピュータ	4：おかめはちもく	5:スニャイパー	6:XP	11:にゃんこチケット	12：レアチケット
//貰える数		0