4,-1,72,-1,-1,    //マップ番号 0～16,　アイテム報酬型ステージ設定(-1:OFF),　スコア報酬型ステージ設定(-1:OFF)
3,					//マップパターン 0～
100,1900,33,100,33,0,1,1,-2,-2,-2,-2,-2,-2,-2,1,9000,11,1,8900,11,1,8800,11,1,8700,11,1,8600,11,1,8500,12,1,-1,

//5000万ダウンロード記念ハッピープレゼント！
//消費統率力			0
//クリア時の獲得XP		1
//サウンド（スタート時）	2
//サウンド ボス出現時の城体力％	3
//サウンド（ボス）		4
//アイテム入手確率		0～100%
//アイテム番号	0:スピードアップ	1:トレジャーレーダー	2:ネコボン	3:ニャンピュータ	4：おかめはちもく	5:スニャイパー	6:XP	11:にゃんこチケット	12：レアチケット
//貰える数		0
