28,-1,-1,6,6,				//マップ番号(0～17)，アイテム報酬型ステージ設定(-1:OFF)，スコア報酬型ステージ設定(-1:OFF)，ステージ表示タイミング，プレイ可能タイミング，
0,					//マップ番号によるマップパターン(0～3)，
200,3800,3,99,33,0,1,1,-1,		//1ステージ
200,3800,31,100,31,0,1,1,-1,		//2ステージ
200,3800,30,99,33,0,1,1,-1,		//3ステージ

//地図集めステージ
//消費統率力			0
//クリア時の獲得XP		1
//サウンド（スタート時）	2
//サウンド ボス出現時の城体力％	3
//サウンド（ボス）		4
//アイテム入手確率		0～100%
//アイテム番号	0:スピードアップ	1:トレジャーレーダー	2:ネコボン	3:ニャンピュータ	4：おかめはちもく	5:スニャイパー	6:XP	11:にゃんこチケット	12：レアチケット	1000自衛隊キャラクター
//貰える数		0