8,-1,-1,						//アイテム報酬型ステージ設定(-1:OFF)
3,						//全ステージ数
200,3800,69,100,69,100,1172,1,-1,-1,			//026_00ステージ


//EXマップ 026（レジェンドステージ隠し）
//1行目　　：このEXマップの全ステージ数
//2行目　　：マップ番号によるマップパターン(0～3),
//3行目以降：消費統率力,クリア時の獲得XP,サウンド(スタート時),サウンド(ボス出現時の城体力％),サウンド(ボス),アイテム入手確率,アイテム番号,貰える数,
