-1,						//アイテム報酬型ステージ設定(-1:OFF)
1,						//全ステージ数
0,4000,30,99,33,100,43,1,-1,			//ステージ1


//EXマップ 025
//1行目　　：このEXマップの全ステージ数
//2行目　　：マップ番号によるマップパターン(0～3),
//3行目以降：消費統率力,クリア時の獲得XP,サウンド(スタート時),サウンド(ボス出現時の城体力％),サウンド(ボス),アイテム入手確率,アイテム番号,貰える数,
