5,-1,70,-1,-1,    //マップ番号 0～16,　アイテム報酬型ステージ設定(-1:OFF),　スコア報酬型ステージ設定(-1:OFF)
3,					//マップパターン 0～
2,255,33,100,33,20,6,2020,-2,-2,-2,-2,-2,-2,-2,1,9000,6,2020,8000,6,2020,7000,6,2020,6000,6,2020,5000,6,2020,4000,6,2020,3000,6,2020,2000,6,2020,1000,6,2020,500,12,1,-1,

//ことよろにゃ！(2020年ver)
//消費統率力			0
//クリア時の獲得XP		1
//サウンド（スタート時）	2
//サウンド ボス出現時の城体力％	3
//サウンド（ボス）		4
//アイテム入手確率		0～100%
//アイテム番号	0:スピードアップ	1:トレジャーレーダー	2:ネコボン	3:ニャンピュータ	4：おかめはちもく	5:スニャイパー	6:XP	11:にゃんこチケット	12：レアチケット
//貰える数		0
