1,94,-1,1,3,    //マップ番号 0～16,　アイテム報酬型ステージ設定(-1:OFF),　スコア報酬型ステージ設定(-1:OFF)
2,					//マップパターン 0～
3,4000,3,99,33,30,35,1,0,85,30,1,9,40,1,-1,	//1ステージ
3,4000,30,99,31,45,35,1,0,79,30,1,13,40,1,-1,	//2ステージ
3,4000,31,99,33,60,35,1,0,68,30,1,22,40,1,-1,	//3ステージ

//進化の紫マタタビ（ネコビタン）
//消費統率力			0
//クリア時の獲得XP		1
//サウンド（スタート時）	2
//サウンド ボス出現時の城体力％	3
//サウンド（ボス）		4
//アイテム入手確率		0～100%
//アイテム番号	0:スピードアップ	1:トレジャーレーダー	2:ネコボン	3:ニャンピュータ	4：おかめはちもく	5:スニャイパー	6:XP	11:にゃんこチケット	12：レアチケット
//貰える数		0
