8,-1,-1,-1,-1,    //マップ番号 0～16,　アイテム報酬型ステージ設定(-1:OFF),　スコア報酬型ステージ設定(-1:OFF)
4,					//マップパターン 0～
180,6840,3,99,33,1,3,1,-1,		//1ステージ
190,7220,30,99,31,1,0,1,-1,			//2ステージ
170,6460,82,100,82,1,4,1,-1,		//3ステージ
195,7410,3,99,30,1,3,1,-1,			//4ステージ
195,7410,31,99,33,1,2,1,-1,		//5ステージ
240,9120,32,99,31,1,5,1,-1,		//6ステージ

//消費統率力			0
//クリア時の獲得XP		1
//サウンド（スタート時）	2
//サウンド ボス出現時の城体力％	3
//サウンド（ボス）		4
//アイテム入手確率		0～100%
//アイテム番号	0:スピードアップ	1:トレジャーレーダー	2:ネコボン	3:ニャンピュータ	4：おかめはちもく	5:スニャイパー
//貰える数		0